fips,county,State
1001,autauga,AL
1003,baldwin,AL
1005,barbour,AL
1007,bibb,AL
1009,blount,AL
1011,bullock,AL
1013,butler,AL
1015,calhoun,AL
1017,chambers,AL
1019,cherokee,AL
1021,chilton,AL
1023,choctaw,AL
1025,clarke,AL
1027,clay,AL
1029,cleburne,AL
1031,coffee,AL
1033,colbert,AL
1035,conecuh,AL
1037,coosa,AL
1039,covington,AL
1041,crenshaw,AL
1043,cullman,AL
1045,dale,AL
1047,dallas,AL
1049,de kalb,AL
1051,elmore,AL
1053,escambia,AL
1055,etowah,AL
1057,fayette,AL
1059,franklin,AL
1061,geneva,AL
1063,greene,AL
1065,hale,AL
1067,henry,AL
1069,houston,AL
1071,jackson,AL
1073,jefferson,AL
1075,lamar,AL
1077,lauderdale,AL
1079,lawrence,AL
1081,lee,AL
1083,limestone,AL
1085,lowndes,AL
1087,macon,AL
1089,madison,AL
1091,marengo,AL
1093,marion,AL
1095,marshall,AL
1097,mobile,AL
1099,monroe,AL
1101,montgomery,AL
1103,morgan,AL
1105,perry,AL
1107,pickens,AL
1109,pike,AL
1111,randolph,AL
1113,russell,AL
1115,st clair,AL
1117,shelby,AL
1119,sumter,AL
1121,talladega,AL
1123,tallapoosa,AL
1125,tuscaloosa,AL
1127,walker,AL
1129,washington,AL
1131,wilcox,AL
1133,winston,AL
2013,aleutians east,AK
2016,aleutians west,AK
2020,anchorage,AK
2050,bethel,AK
2060,bristol bay,AK
2068,denali,AK
2070,dillingham,AK
2090,fairbanks north star,AK
2100,haines,AK
2110,juneau,AK
2122,kenai peninsula,AK
2130,ketchikan gateway,AK
2150,kodiak island,AK
2164,lake and peninsula,AK
2170,matanuska-susitna,AK
2180,nome,AK
2185,north slope,AK
2188,northwest arctic,AK
2201,prince of wales-outer ketchikan,AK
2220,sitka,AK
2232,skagway-hoonah-angoon,AK
2240,southeast fairbanks,AK
2261,valdez-cordova,AK
2270,wade hampton,AK
2280,wrangell-petersburg,AK
2282,yakutat,AK
2290,yukon-koyukuk,AK
4001,apache,AZ
4003,cochise,AZ
4005,coconino,AZ
4007,gila,AZ
4009,graham,AZ
4011,greenlee,AZ
4012,la paz,AZ
4013,maricopa,AZ
4015,mohave,AZ
4017,navajo,AZ
4019,pima,AZ
4021,pinal,AZ
4023,santa cruz,AZ
4025,yavapai,AZ
4027,yuma,AZ
5001,arkansas,AR
5003,ashley,AR
5005,baxter,AR
5007,benton,AR
5009,boone,AR
5011,bradley,AR
5013,calhoun,AR
5015,carroll,AR
5017,chicot,AR
5019,clark,AR
5021,clay,AR
5023,cleburne,AR
5025,cleveland,AR
5027,columbia,AR
5029,conway,AR
5031,craighead,AR
5033,crawford,AR
5035,crittenden,AR
5037,cross,AR
5039,dallas,AR
5041,desha,AR
5043,drew,AR
5045,faulkner,AR
5047,franklin,AR
5049,fulton,AR
5051,garland,AR
5053,grant,AR
5055,greene,AR
5057,hempstead,AR
5059,hot spring,AR
5061,howard,AR
5063,independence,AR
5065,izard,AR
5067,jackson,AR
5069,jefferson,AR
5071,johnson,AR
5073,lafayette,AR
5075,lawrence,AR
5077,lee,AR
5079,lincoln,AR
5081,little river,AR
5083,logan,AR
5085,lonoke,AR
5087,madison,AR
5089,marion,AR
5091,miller,AR
5093,mississippi,AR
5095,monroe,AR
5097,montgomery,AR
5099,nevada,AR
5101,newton,AR
5103,ouachita,AR
5105,perry,AR
5107,phillips,AR
5109,pike,AR
5111,poinsett,AR
5113,polk,AR
5115,pope,AR
5117,prairie,AR
5119,pulaski,AR
5121,randolph,AR
5123,st francis,AR
5125,saline,AR
5127,scott,AR
5129,searcy,AR
5131,sebastian,AR
5133,sevier,AR
5135,sharp,AR
5137,stone,AR
5139,union,AR
5141,van buren,AR
5143,washington,AR
5145,white,AR
5147,woodruff,AR
5149,yell,AR
6001,alameda,CA
6003,alpine,CA
6005,amador,CA
6007,butte,CA
6009,calaveras,CA
6011,colusa,CA
6013,contra costa,CA
6015,del norte,CA
6017,el dorado,CA
6019,fresno,CA
6021,glenn,CA
6023,humboldt,CA
6025,imperial,CA
6027,inyo,CA
6029,kern,CA
6031,kings,CA
6033,lake,CA
6035,lassen,CA
6037,los angeles,CA
6039,madera,CA
6041,marin,CA
6043,mariposa,CA
6045,mendocino,CA
6047,merced,CA
6049,modoc,CA
6051,mono,CA
6053,monterey,CA
6055,napa,CA
6057,nevada,CA
6059,orange,CA
6061,placer,CA
6063,plumas,CA
6065,riverside,CA
6067,sacramento,CA
6069,san benito,CA
6071,san bernardino,CA
6073,san diego,CA
6075,san francisco,CA
6077,san joaquin,CA
6079,san luis obispo,CA
6081,san mateo,CA
6083,santa barbara,CA
6085,santa clara,CA
6087,santa cruz,CA
6089,shasta,CA
6091,sierra,CA
6093,siskiyou,CA
6095,solano,CA
6097,sonoma,CA
6099,stanislaus,CA
6101,sutter,CA
6103,tehama,CA
6105,trinity,CA
6107,tulare,CA
6109,tuolumne,CA
6111,ventura,CA
6113,yolo,CA
6115,yuba,CA
8001,adams,CO
8003,alamosa,CO
8005,arapahoe,CO
8007,archuleta,CO
8009,baca,CO
8011,bent,CO
8013,boulder,CO
8015,chaffee,CO
8017,cheyenne,CO
8019,clear creek,CO
8021,conejos,CO
8023,costilla,CO
8025,crowley,CO
8027,custer,CO
8029,delta,CO
8031,denver,CO
8033,dolores,CO
8035,douglas,CO
8037,eagle,CO
8039,elbert,CO
8041,el paso,CO
8043,fremont,CO
8045,garfield,CO
8047,gilpin,CO
8049,grand,CO
8051,gunnison,CO
8053,hinsdale,CO
8055,huerfano,CO
8057,jackson,CO
8059,jefferson,CO
8061,kiowa,CO
8063,kit carson,CO
8065,lake,CO
8067,la plata,CO
8069,larimer,CO
8071,las animas,CO
8073,lincoln,CO
8075,logan,CO
8077,mesa,CO
8079,mineral,CO
8081,moffat,CO
8083,montezuma,CO
8085,montrose,CO
8087,morgan,CO
8089,otero,CO
8091,ouray,CO
8093,park,CO
8095,phillips,CO
8097,pitkin,CO
8099,prowers,CO
8101,pueblo,CO
8103,rio blanco,CO
8105,rio grande,CO
8107,routt,CO
8109,saguache,CO
8111,san juan,CO
8113,san miguel,CO
8115,sedgwick,CO
8117,summit,CO
8119,teller,CO
8121,washington,CO
8123,weld,CO
8125,yuma,CO
9001,fairfield,CT
9003,hartford,CT
9005,litchfield,CT
9007,middlesex,CT
9009,new haven,CT
9011,new london,CT
9013,tolland,CT
9015,windham,CT
10001,kent,DE
10003,new castle,DE
10005,sussex,DE
11001,washington,DC
12001,alachua,FL
12003,baker,FL
12005,bay,FL
12007,bradford,FL
12009,brevard,FL
12011,broward,FL
12013,calhoun,FL
12015,charlotte,FL
12017,citrus,FL
12019,clay,FL
12021,collier,FL
12023,columbia,FL
12027,de soto,FL
12029,dixie,FL
12031,duval,FL
12033,escambia,FL
12035,flagler,FL
12037,franklin,FL
12039,gadsden,FL
12041,gilchrist,FL
12043,glades,FL
12045,gulf,FL
12047,hamilton,FL
12049,hardee,FL
12051,hendry,FL
12053,hernando,FL
12055,highlands,FL
12057,hillsborough,FL
12059,holmes,FL
12061,indian river,FL
12063,jackson,FL
12065,jefferson,FL
12067,lafayette,FL
12069,lake,FL
12071,lee,FL
12073,leon,FL
12075,levy,FL
12077,liberty,FL
12079,madison,FL
12081,manatee,FL
12083,marion,FL
12085,martin,FL
12086,miami-dade,FL
12087,monroe,FL
12089,nassau,FL
12091,okaloosa,FL
12093,okeechobee,FL
12095,orange,FL
12097,osceola,FL
12099,palm beach,FL
12101,pasco,FL
12103,pinellas,FL
12105,polk,FL
12107,putnam,FL
12109,st johns,FL
12111,st lucie,FL
12113,santa rosa,FL
12115,sarasota,FL
12117,seminole,FL
12119,sumter,FL
12121,suwannee,FL
12123,taylor,FL
12125,union,FL
12127,volusia,FL
12129,wakulla,FL
12131,walton,FL
12133,washington,FL
13001,appling,GA
13003,atkinson,GA
13005,bacon,GA
13007,baker,GA
13009,baldwin,GA
13011,banks,GA
13013,barrow,GA
13015,bartow,GA
13017,ben hill,GA
13019,berrien,GA
13021,bibb,GA
13023,bleckley,GA
13025,brantley,GA
13027,brooks,GA
13029,bryan,GA
13031,bulloch,GA
13033,burke,GA
13035,butts,GA
13037,calhoun,GA
13039,camden,GA
13043,candler,GA
13045,carroll,GA
13047,catoosa,GA
13049,charlton,GA
13051,chatham,GA
13053,chattahoochee,GA
13055,chattooga,GA
13057,cherokee,GA
13059,clarke,GA
13061,clay,GA
13063,clayton,GA
13065,clinch,GA
13067,cobb,GA
13069,coffee,GA
13071,colquitt,GA
13073,columbia,GA
13075,cook,GA
13077,coweta,GA
13079,crawford,GA
13081,crisp,GA
13083,dade,GA
13085,dawson,GA
13087,decatur,GA
13089,de kalb,GA
13091,dodge,GA
13093,dooly,GA
13095,dougherty,GA
13097,douglas,GA
13099,early,GA
13101,echols,GA
13103,effingham,GA
13105,elbert,GA
13107,emanuel,GA
13109,evans,GA
13111,fannin,GA
13113,fayette,GA
13115,floyd,GA
13117,forsyth,GA
13119,franklin,GA
13121,fulton,GA
13123,gilmer,GA
13125,glascock,GA
13127,glynn,GA
13129,gordon,GA
13131,grady,GA
13133,greene,GA
13135,gwinnett,GA
13137,habersham,GA
13139,hall,GA
13141,hancock,GA
13143,haralson,GA
13145,harris,GA
13147,hart,GA
13149,heard,GA
13151,henry,GA
13153,houston,GA
13155,irwin,GA
13157,jackson,GA
13159,jasper,GA
13161,jeff davis,GA
13163,jefferson,GA
13165,jenkins,GA
13167,johnson,GA
13169,jones,GA
13171,lamar,GA
13173,lanier,GA
13175,laurens,GA
13177,lee,GA
13179,liberty,GA
13181,lincoln,GA
13183,long,GA
13185,lowndes,GA
13187,lumpkin,GA
13189,mcduffie,GA
13191,mcintosh,GA
13193,macon,GA
13195,madison,GA
13197,marion,GA
13199,meriwether,GA
13201,miller,GA
13205,mitchell,GA
13207,monroe,GA
13209,montgomery,GA
13211,morgan,GA
13213,murray,GA
13215,muscogee,GA
13217,newton,GA
13219,oconee,GA
13221,oglethorpe,GA
13223,paulding,GA
13225,peach,GA
13227,pickens,GA
13229,pierce,GA
13231,pike,GA
13233,polk,GA
13235,pulaski,GA
13237,putnam,GA
13239,quitman,GA
13241,rabun,GA
13243,randolph,GA
13245,richmond,GA
13247,rockdale,GA
13249,schley,GA
13251,screven,GA
13253,seminole,GA
13255,spalding,GA
13257,stephens,GA
13259,stewart,GA
13261,sumter,GA
13263,talbot,GA
13265,taliaferro,GA
13267,tattnall,GA
13269,taylor,GA
13271,telfair,GA
13273,terrell,GA
13275,thomas,GA
13277,tift,GA
13279,toombs,GA
13281,towns,GA
13283,treutlen,GA
13285,troup,GA
13287,turner,GA
13289,twiggs,GA
13291,union,GA
13293,upson,GA
13295,walker,GA
13297,walton,GA
13299,ware,GA
13301,warren,GA
13303,washington,GA
13305,wayne,GA
13307,webster,GA
13309,wheeler,GA
13311,white,GA
13313,whitfield,GA
13315,wilcox,GA
13317,wilkes,GA
13319,wilkinson,GA
13321,worth,GA
15001,hawaii,HI
15003,honolulu,HI
15007,kauai,HI
15009,maui,HI
16001,ada,ID
16003,adams,ID
16005,bannock,ID
16007,bear lake,ID
16009,benewah,ID
16011,bingham,ID
16013,blaine,ID
16015,boise,ID
16017,bonner,ID
16019,bonneville,ID
16021,boundary,ID
16023,butte,ID
16025,camas,ID
16027,canyon,ID
16029,caribou,ID
16031,cassia,ID
16033,clark,ID
16035,clearwater,ID
16037,custer,ID
16039,elmore,ID
16041,franklin,ID
16043,fremont,ID
16045,gem,ID
16047,gooding,ID
16049,idaho,ID
16051,jefferson,ID
16053,jerome,ID
16055,kootenai,ID
16057,latah,ID
16059,lemhi,ID
16061,lewis,ID
16063,lincoln,ID
16065,madison,ID
16067,minidoka,ID
16069,nez perce,ID
16071,oneida,ID
16073,owyhee,ID
16075,payette,ID
16077,power,ID
16079,shoshone,ID
16081,teton,ID
16083,twin falls,ID
16085,valley,ID
16087,washington,ID
17001,adams,IL
17003,alexander,IL
17005,bond,IL
17007,boone,IL
17009,brown,IL
17011,bureau,IL
17013,calhoun,IL
17015,carroll,IL
17017,cass,IL
17019,champaign,IL
17021,christian,IL
17023,clark,IL
17025,clay,IL
17027,clinton,IL
17029,coles,IL
17031,cook,IL
17033,crawford,IL
17035,cumberland,IL
17037,de kalb,IL
17039,de witt,IL
17041,douglas,IL
17043,du page,IL
17045,edgar,IL
17047,edwards,IL
17049,effingham,IL
17051,fayette,IL
17053,ford,IL
17055,franklin,IL
17057,fulton,IL
17059,gallatin,IL
17061,greene,IL
17063,grundy,IL
17065,hamilton,IL
17067,hancock,IL
17069,hardin,IL
17071,henderson,IL
17073,henry,IL
17075,iroquois,IL
17077,jackson,IL
17079,jasper,IL
17081,jefferson,IL
17083,jersey,IL
17085,jo daviess,IL
17087,johnson,IL
17089,kane,IL
17091,kankakee,IL
17093,kendall,IL
17095,knox,IL
17097,lake,IL
17099,la salle,IL
17101,lawrence,IL
17103,lee,IL
17105,livingston,IL
17107,logan,IL
17109,mcdonough,IL
17111,mchenry,IL
17113,mclean,IL
17115,macon,IL
17117,macoupin,IL
17119,madison,IL
17121,marion,IL
17123,marshall,IL
17125,mason,IL
17127,massac,IL
17129,menard,IL
17131,mercer,IL
17133,monroe,IL
17135,montgomery,IL
17137,morgan,IL
17139,moultrie,IL
17141,ogle,IL
17143,peoria,IL
17145,perry,IL
17147,piatt,IL
17149,pike,IL
17151,pope,IL
17153,pulaski,IL
17155,putnam,IL
17157,randolph,IL
17159,richland,IL
17161,rock island,IL
17163,st clair,IL
17165,saline,IL
17167,sangamon,IL
17169,schuyler,IL
17171,scott,IL
17173,shelby,IL
17175,stark,IL
17177,stephenson,IL
17179,tazewell,IL
17181,union,IL
17183,vermilion,IL
17185,wabash,IL
17187,warren,IL
17189,washington,IL
17191,wayne,IL
17193,white,IL
17195,whiteside,IL
17197,will,IL
17199,williamson,IL
17201,winnebago,IL
17203,woodford,IL
18001,adams,IN
18003,allen,IN
18005,bartholomew,IN
18007,benton,IN
18009,blackford,IN
18011,boone,IN
18013,brown,IN
18015,carroll,IN
18017,cass,IN
18019,clark,IN
18021,clay,IN
18023,clinton,IN
18025,crawford,IN
18027,daviess,IN
18029,dearborn,IN
18031,decatur,IN
18033,de kalb,IN
18035,delaware,IN
18037,dubois,IN
18039,elkhart,IN
18041,fayette,IN
18043,floyd,IN
18045,fountain,IN
18047,franklin,IN
18049,fulton,IN
18051,gibson,IN
18053,grant,IN
18055,greene,IN
18057,hamilton,IN
18059,hancock,IN
18061,harrison,IN
18063,hendricks,IN
18065,henry,IN
18067,howard,IN
18069,huntington,IN
18071,jackson,IN
18073,jasper,IN
18075,jay,IN
18077,jefferson,IN
18079,jennings,IN
18081,johnson,IN
18083,knox,IN
18085,kosciusko,IN
18087,la grange,IN
18089,lake,IN
18091,la porte,IN
18093,lawrence,IN
18095,madison,IN
18097,marion,IN
18099,marshall,IN
18101,martin,IN
18103,miami,IN
18105,monroe,IN
18107,montgomery,IN
18109,morgan,IN
18111,newton,IN
18113,noble,IN
18115,ohio,IN
18117,orange,IN
18119,owen,IN
18121,parke,IN
18123,perry,IN
18125,pike,IN
18127,porter,IN
18129,posey,IN
18131,pulaski,IN
18133,putnam,IN
18135,randolph,IN
18137,ripley,IN
18139,rush,IN
18141,st joseph,IN
18143,scott,IN
18145,shelby,IN
18147,spencer,IN
18149,starke,IN
18151,steuben,IN
18153,sullivan,IN
18155,switzerland,IN
18157,tippecanoe,IN
18159,tipton,IN
18161,union,IN
18163,vanderburgh,IN
18165,vermillion,IN
18167,vigo,IN
18169,wabash,IN
18171,warren,IN
18173,warrick,IN
18175,washington,IN
18177,wayne,IN
18179,wells,IN
18181,white,IN
18183,whitley,IN
19001,adair,IA
19003,adams,IA
19005,allamakee,IA
19007,appanoose,IA
19009,audubon,IA
19011,benton,IA
19013,black hawk,IA
19015,boone,IA
19017,bremer,IA
19019,buchanan,IA
19021,buena vista,IA
19023,butler,IA
19025,calhoun,IA
19027,carroll,IA
19029,cass,IA
19031,cedar,IA
19033,cerro gordo,IA
19035,cherokee,IA
19037,chickasaw,IA
19039,clarke,IA
19041,clay,IA
19043,clayton,IA
19045,clinton,IA
19047,crawford,IA
19049,dallas,IA
19051,davis,IA
19053,decatur,IA
19055,delaware,IA
19057,des moines,IA
19059,dickinson,IA
19061,dubuque,IA
19063,emmet,IA
19065,fayette,IA
19067,floyd,IA
19069,franklin,IA
19071,fremont,IA
19073,greene,IA
19075,grundy,IA
19077,guthrie,IA
19079,hamilton,IA
19081,hancock,IA
19083,hardin,IA
19085,harrison,IA
19087,henry,IA
19089,howard,IA
19091,humboldt,IA
19093,ida,IA
19095,iowa,IA
19097,jackson,IA
19099,jasper,IA
19101,jefferson,IA
19103,johnson,IA
19105,jones,IA
19107,keokuk,IA
19109,kossuth,IA
19111,lee,IA
19113,linn,IA
19115,louisa,IA
19117,lucas,IA
19119,lyon,IA
19121,madison,IA
19123,mahaska,IA
19125,marion,IA
19127,marshall,IA
19129,mills,IA
19131,mitchell,IA
19133,monona,IA
19135,monroe,IA
19137,montgomery,IA
19139,muscatine,IA
19141,o brien,IA
19143,osceola,IA
19145,page,IA
19147,palo alto,IA
19149,plymouth,IA
19151,pocahontas,IA
19153,polk,IA
19155,pottawattamie,IA
19157,poweshiek,IA
19159,ringgold,IA
19161,sac,IA
19163,scott,IA
19165,shelby,IA
19167,sioux,IA
19169,story,IA
19171,tama,IA
19173,taylor,IA
19175,union,IA
19177,van buren,IA
19179,wapello,IA
19181,warren,IA
19183,washington,IA
19185,wayne,IA
19187,webster,IA
19189,winnebago,IA
19191,winneshiek,IA
19193,woodbury,IA
19195,worth,IA
19197,wright,IA
20001,allen,KS
20003,anderson,KS
20005,atchison,KS
20007,barber,KS
20009,barton,KS
20011,bourbon,KS
20013,brown,KS
20015,butler,KS
20017,chase,KS
20019,chautauqua,KS
20021,cherokee,KS
20023,cheyenne,KS
20025,clark,KS
20027,clay,KS
20029,cloud,KS
20031,coffey,KS
20033,comanche,KS
20035,cowley,KS
20037,crawford,KS
20039,decatur,KS
20041,dickinson,KS
20043,doniphan,KS
20045,douglas,KS
20047,edwards,KS
20049,elk,KS
20051,ellis,KS
20053,ellsworth,KS
20055,finney,KS
20057,ford,KS
20059,franklin,KS
20061,geary,KS
20063,gove,KS
20065,graham,KS
20067,grant,KS
20069,gray,KS
20071,greeley,KS
20073,greenwood,KS
20075,hamilton,KS
20077,harper,KS
20079,harvey,KS
20081,haskell,KS
20083,hodgeman,KS
20085,jackson,KS
20087,jefferson,KS
20089,jewell,KS
20091,johnson,KS
20093,kearny,KS
20095,kingman,KS
20097,kiowa,KS
20099,labette,KS
20101,lane,KS
20103,leavenworth,KS
20105,lincoln,KS
20107,linn,KS
20109,logan,KS
20111,lyon,KS
20113,mcpherson,KS
20115,marion,KS
20117,marshall,KS
20119,meade,KS
20121,miami,KS
20123,mitchell,KS
20125,montgomery,KS
20127,morris,KS
20129,morton,KS
20131,nemaha,KS
20133,neosho,KS
20135,ness,KS
20137,norton,KS
20139,osage,KS
20141,osborne,KS
20143,ottawa,KS
20145,pawnee,KS
20147,phillips,KS
20149,pottawatomie,KS
20151,pratt,KS
20153,rawlins,KS
20155,reno,KS
20157,republic,KS
20159,rice,KS
20161,riley,KS
20163,rooks,KS
20165,rush,KS
20167,russell,KS
20169,saline,KS
20171,scott,KS
20173,sedgwick,KS
20175,seward,KS
20177,shawnee,KS
20179,sheridan,KS
20181,sherman,KS
20183,smith,KS
20185,stafford,KS
20187,stanton,KS
20189,stevens,KS
20191,sumner,KS
20193,thomas,KS
20195,trego,KS
20197,wabaunsee,KS
20199,wallace,KS
20201,washington,KS
20203,wichita,KS
20205,wilson,KS
20207,woodson,KS
20209,wyandotte,KS
21001,adair,KY
21003,allen,KY
21005,anderson,KY
21007,ballard,KY
21009,barren,KY
21011,bath,KY
21013,bell,KY
21015,boone,KY
21017,bourbon,KY
21019,boyd,KY
21021,boyle,KY
21023,bracken,KY
21025,breathitt,KY
21027,breckinridge,KY
21029,bullitt,KY
21031,butler,KY
21033,caldwell,KY
21035,calloway,KY
21037,campbell,KY
21039,carlisle,KY
21041,carroll,KY
21043,carter,KY
21045,casey,KY
21047,christian,KY
21049,clark,KY
21051,clay,KY
21053,clinton,KY
21055,crittenden,KY
21057,cumberland,KY
21059,daviess,KY
21061,edmonson,KY
21063,elliott,KY
21065,estill,KY
21067,fayette,KY
21069,fleming,KY
21071,floyd,KY
21073,franklin,KY
21075,fulton,KY
21077,gallatin,KY
21079,garrard,KY
21081,grant,KY
21083,graves,KY
21085,grayson,KY
21087,green,KY
21089,greenup,KY
21091,hancock,KY
21093,hardin,KY
21095,harlan,KY
21097,harrison,KY
21099,hart,KY
21101,henderson,KY
21103,henry,KY
21105,hickman,KY
21107,hopkins,KY
21109,jackson,KY
21111,jefferson,KY
21113,jessamine,KY
21115,johnson,KY
21117,kenton,KY
21119,knott,KY
21121,knox,KY
21123,larue,KY
21125,laurel,KY
21127,lawrence,KY
21129,lee,KY
21131,leslie,KY
21133,letcher,KY
21135,lewis,KY
21137,lincoln,KY
21139,livingston,KY
21141,logan,KY
21143,lyon,KY
21145,mccracken,KY
21147,mccreary,KY
21149,mclean,KY
21151,madison,KY
21153,magoffin,KY
21155,marion,KY
21157,marshall,KY
21159,martin,KY
21161,mason,KY
21163,meade,KY
21165,menifee,KY
21167,mercer,KY
21169,metcalfe,KY
21171,monroe,KY
21173,montgomery,KY
21175,morgan,KY
21177,muhlenberg,KY
21179,nelson,KY
21181,nicholas,KY
21183,ohio,KY
21185,oldham,KY
21187,owen,KY
21189,owsley,KY
21191,pendleton,KY
21193,perry,KY
21195,pike,KY
21197,powell,KY
21199,pulaski,KY
21201,robertson,KY
21203,rockcastle,KY
21205,rowan,KY
21207,russell,KY
21209,scott,KY
21211,shelby,KY
21213,simpson,KY
21215,spencer,KY
21217,taylor,KY
21219,todd,KY
21221,trigg,KY
21223,trimble,KY
21225,union,KY
21227,warren,KY
21229,washington,KY
21231,wayne,KY
21233,webster,KY
21235,whitley,KY
21237,wolfe,KY
21239,woodford,KY
22001,acadia,LA
22003,allen,LA
22005,ascension,LA
22007,assumption,LA
22009,avoyelles,LA
22011,beauregard,LA
22013,bienville,LA
22015,bossier,LA
22017,caddo,LA
22019,calcasieu,LA
22021,caldwell,LA
22023,cameron,LA
22025,catahoula,LA
22027,claiborne,LA
22029,concordia,LA
22031,de soto,LA
22033,east baton rouge,LA
22035,east carroll,LA
22037,east feliciana,LA
22039,evangeline,LA
22041,franklin,LA
22043,grant,LA
22045,iberia,LA
22047,iberville,LA
22049,jackson,LA
22051,jefferson,LA
22053,jefferson davis,LA
22055,lafayette,LA
22057,lafourche,LA
22059,la salle,LA
22061,lincoln,LA
22063,livingston,LA
22065,madison,LA
22067,morehouse,LA
22069,natchitoches,LA
22071,orleans,LA
22073,ouachita,LA
22075,plaquemines,LA
22077,pointe coupee,LA
22079,rapides,LA
22081,red river,LA
22083,richland,LA
22085,sabine,LA
22087,st bernard,LA
22089,st charles,LA
22091,st helena,LA
22093,st james,LA
22095,st john the baptist,LA
22097,st landry,LA
22099,st martin,LA
22101,st mary,LA
22103,st tammany,LA
22105,tangipahoa,LA
22107,tensas,LA
22109,terrebonne,LA
22111,union,LA
22113,vermilion,LA
22115,vernon,LA
22117,washington,LA
22119,webster,LA
22121,west baton rouge,LA
22123,west carroll,LA
22125,west feliciana,LA
22127,winn,LA
23001,androscoggin,ME
23003,aroostook,ME
23005,cumberland,ME
23007,franklin,ME
23009,hancock,ME
23011,kennebec,ME
23013,knox,ME
23015,lincoln,ME
23017,oxford,ME
23019,penobscot,ME
23021,piscataquis,ME
23023,sagadahoc,ME
23025,somerset,ME
23027,waldo,ME
23029,washington,ME
23031,york,ME
24001,allegany,MD
24003,anne arundel,MD
24005,baltimore,MD
24009,calvert,MD
24011,caroline,MD
24013,carroll,MD
24015,cecil,MD
24017,charles,MD
24019,dorchester,MD
24021,frederick,MD
24023,garrett,MD
24025,harford,MD
24027,howard,MD
24029,kent,MD
24031,montgomery,MD
24033,prince georges,MD
24035,queen annes,MD
24037,st marys,MD
24039,somerset,MD
24041,talbot,MD
24043,washington,MD
24045,wicomico,MD
24047,worcester,MD
24510,baltimore city,MD
25001,barnstable,MA
25003,berkshire,MA
25005,bristol,MA
25007,dukes,MA
25009,essex,MA
25011,franklin,MA
25013,hampden,MA
25015,hampshire,MA
25017,middlesex,MA
25019,nantucket,MA
25021,norfolk,MA
25023,plymouth,MA
25025,suffolk,MA
25027,worcester,MA
26001,alcona,MI
26003,alger,MI
26005,allegan,MI
26007,alpena,MI
26009,antrim,MI
26011,arenac,MI
26013,baraga,MI
26015,barry,MI
26017,bay,MI
26019,benzie,MI
26021,berrien,MI
26023,branch,MI
26025,calhoun,MI
26027,cass,MI
26029,charlevoix,MI
26031,cheboygan,MI
26033,chippewa,MI
26035,clare,MI
26037,clinton,MI
26039,crawford,MI
26041,delta,MI
26043,dickinson,MI
26045,eaton,MI
26047,emmet,MI
26049,genesee,MI
26051,gladwin,MI
26053,gogebic,MI
26055,grand traverse,MI
26057,gratiot,MI
26059,hillsdale,MI
26061,houghton,MI
26063,huron,MI
26065,ingham,MI
26067,ionia,MI
26069,iosco,MI
26071,iron,MI
26073,isabella,MI
26075,jackson,MI
26077,kalamazoo,MI
26079,kalkaska,MI
26081,kent,MI
26083,keweenaw,MI
26085,lake,MI
26087,lapeer,MI
26089,leelanau,MI
26091,lenawee,MI
26093,livingston,MI
26095,luce,MI
26097,mackinac,MI
26099,macomb,MI
26101,manistee,MI
26103,marquette,MI
26105,mason,MI
26107,mecosta,MI
26109,menominee,MI
26111,midland,MI
26113,missaukee,MI
26115,monroe,MI
26117,montcalm,MI
26119,montmorency,MI
26121,muskegon,MI
26123,newaygo,MI
26125,oakland,MI
26127,oceana,MI
26129,ogemaw,MI
26131,ontonagon,MI
26133,osceola,MI
26135,oscoda,MI
26137,otsego,MI
26139,ottawa,MI
26141,presque isle,MI
26143,roscommon,MI
26145,saginaw,MI
26147,st clair,MI
26149,st joseph,MI
26151,sanilac,MI
26153,schoolcraft,MI
26155,shiawassee,MI
26157,tuscola,MI
26159,van buren,MI
26161,washtenaw,MI
26163,wayne,MI
26165,wexford,MI
27001,aitkin,MN
27003,anoka,MN
27005,becker,MN
27007,beltrami,MN
27009,benton,MN
27011,big stone,MN
27013,blue earth,MN
27015,brown,MN
27017,carlton,MN
27019,carver,MN
27021,cass,MN
27023,chippewa,MN
27025,chisago,MN
27027,clay,MN
27029,clearwater,MN
27031,cook,MN
27033,cottonwood,MN
27035,crow wing,MN
27037,dakota,MN
27039,dodge,MN
27041,douglas,MN
27043,faribault,MN
27045,fillmore,MN
27047,freeborn,MN
27049,goodhue,MN
27051,grant,MN
27053,hennepin,MN
27055,houston,MN
27057,hubbard,MN
27059,isanti,MN
27061,itasca,MN
27063,jackson,MN
27065,kanabec,MN
27067,kandiyohi,MN
27069,kittson,MN
27071,koochiching,MN
27073,lac qui parle,MN
27075,lake,MN
27077,lake of the woods,MN
27079,le sueur,MN
27081,lincoln,MN
27083,lyon,MN
27085,mcleod,MN
27087,mahnomen,MN
27089,marshall,MN
27091,martin,MN
27093,meeker,MN
27095,mille lacs,MN
27097,morrison,MN
27099,mower,MN
27101,murray,MN
27103,nicollet,MN
27105,nobles,MN
27107,norman,MN
27109,olmsted,MN
27111,otter tail,MN
27113,pennington,MN
27115,pine,MN
27117,pipestone,MN
27119,polk,MN
27121,pope,MN
27123,ramsey,MN
27125,red lake,MN
27127,redwood,MN
27129,renville,MN
27131,rice,MN
27133,rock,MN
27135,roseau,MN
27137,st louis,MN
27139,scott,MN
27141,sherburne,MN
27143,sibley,MN
27145,stearns,MN
27147,steele,MN
27149,stevens,MN
27151,swift,MN
27153,todd,MN
27155,traverse,MN
27157,wabasha,MN
27159,wadena,MN
27161,waseca,MN
27163,washington,MN
27165,watonwan,MN
27167,wilkin,MN
27169,winona,MN
27171,wright,MN
27173,yellow medicine,MN
28001,adams,MS
28003,alcorn,MS
28005,amite,MS
28007,attala,MS
28009,benton,MS
28011,bolivar,MS
28013,calhoun,MS
28015,carroll,MS
28017,chickasaw,MS
28019,choctaw,MS
28021,claiborne,MS
28023,clarke,MS
28025,clay,MS
28027,coahoma,MS
28029,copiah,MS
28031,covington,MS
28033,de soto,MS
28035,forrest,MS
28037,franklin,MS
28039,george,MS
28041,greene,MS
28043,grenada,MS
28045,hancock,MS
28047,harrison,MS
28049,hinds,MS
28051,holmes,MS
28053,humphreys,MS
28055,issaquena,MS
28057,itawamba,MS
28059,jackson,MS
28061,jasper,MS
28063,jefferson,MS
28065,jefferson davis,MS
28067,jones,MS
28069,kemper,MS
28071,lafayette,MS
28073,lamar,MS
28075,lauderdale,MS
28077,lawrence,MS
28079,leake,MS
28081,lee,MS
28083,leflore,MS
28085,lincoln,MS
28087,lowndes,MS
28089,madison,MS
28091,marion,MS
28093,marshall,MS
28095,monroe,MS
28097,montgomery,MS
28099,neshoba,MS
28101,newton,MS
28103,noxubee,MS
28105,oktibbeha,MS
28107,panola,MS
28109,pearl river,MS
28111,perry,MS
28113,pike,MS
28115,pontotoc,MS
28117,prentiss,MS
28119,quitman,MS
28121,rankin,MS
28123,scott,MS
28125,sharkey,MS
28127,simpson,MS
28129,smith,MS
28131,stone,MS
28133,sunflower,MS
28135,tallahatchie,MS
28137,tate,MS
28139,tippah,MS
28141,tishomingo,MS
28143,tunica,MS
28145,union,MS
28147,walthall,MS
28149,warren,MS
28151,washington,MS
28153,wayne,MS
28155,webster,MS
28157,wilkinson,MS
28159,winston,MS
28161,yalobusha,MS
28163,yazoo,MS
29001,adair,MO
29003,andrew,MO
29005,atchison,MO
29007,audrain,MO
29009,barry,MO
29011,barton,MO
29013,bates,MO
29015,benton,MO
29017,bollinger,MO
29019,boone,MO
29021,buchanan,MO
29023,butler,MO
29025,caldwell,MO
29027,callaway,MO
29029,camden,MO
29031,cape girardeau,MO
29033,carroll,MO
29035,carter,MO
29037,cass,MO
29039,cedar,MO
29041,chariton,MO
29043,christian,MO
29045,clark,MO
29047,clay,MO
29049,clinton,MO
29051,cole,MO
29053,cooper,MO
29055,crawford,MO
29057,dade,MO
29059,dallas,MO
29061,daviess,MO
29063,de kalb,MO
29065,dent,MO
29067,douglas,MO
29069,dunklin,MO
29071,franklin,MO
29073,gasconade,MO
29075,gentry,MO
29077,greene,MO
29079,grundy,MO
29081,harrison,MO
29083,henry,MO
29085,hickory,MO
29087,holt,MO
29089,howard,MO
29091,howell,MO
29093,iron,MO
29095,jackson,MO
29097,jasper,MO
29099,jefferson,MO
29101,johnson,MO
29103,knox,MO
29105,laclede,MO
29107,lafayette,MO
29109,lawrence,MO
29111,lewis,MO
29113,lincoln,MO
29115,linn,MO
29117,livingston,MO
29119,mcdonald,MO
29121,macon,MO
29123,madison,MO
29125,maries,MO
29127,marion,MO
29129,mercer,MO
29131,miller,MO
29133,mississippi,MO
29135,moniteau,MO
29137,monroe,MO
29139,montgomery,MO
29141,morgan,MO
29143,new madrid,MO
29145,newton,MO
29147,nodaway,MO
29149,oregon,MO
29151,osage,MO
29153,ozark,MO
29155,pemiscot,MO
29157,perry,MO
29159,pettis,MO
29161,phelps,MO
29163,pike,MO
29165,platte,MO
29167,polk,MO
29169,pulaski,MO
29171,putnam,MO
29173,ralls,MO
29175,randolph,MO
29177,ray,MO
29179,reynolds,MO
29181,ripley,MO
29183,st charles,MO
29185,st clair,MO
29186,ste. genevieve,MO
29187,st francois,MO
29189,st louis,MO
29195,saline,MO
29197,schuyler,MO
29199,scotland,MO
29201,scott,MO
29203,shannon,MO
29205,shelby,MO
29207,stoddard,MO
29209,stone,MO
29211,sullivan,MO
29213,taney,MO
29215,texas,MO
29217,vernon,MO
29219,warren,MO
29221,washington,MO
29223,wayne,MO
29225,webster,MO
29227,worth,MO
29229,wright,MO
29510,st louis city,MO
30001,beaverhead,MT
30003,big horn,MT
30005,blaine,MT
30007,broadwater,MT
30009,carbon,MT
30011,carter,MT
30013,cascade,MT
30015,chouteau,MT
30017,custer,MT
30019,daniels,MT
30021,dawson,MT
30023,deer lodge,MT
30025,fallon,MT
30027,fergus,MT
30029,flathead,MT
30031,gallatin,MT
30033,garfield,MT
30035,glacier,MT
30037,golden valley,MT
30039,granite,MT
30041,hill,MT
30043,jefferson,MT
30045,judith basin,MT
30047,lake,MT
30049,lewis and clark,MT
30051,liberty,MT
30053,lincoln,MT
30055,mccone,MT
30057,madison,MT
30059,meagher,MT
30061,mineral,MT
30063,missoula,MT
30065,musselshell,MT
30067,park,MT
30069,petroleum,MT
30071,phillips,MT
30073,pondera,MT
30075,powder river,MT
30077,powell,MT
30079,prairie,MT
30081,ravalli,MT
30083,richland,MT
30085,roosevelt,MT
30087,rosebud,MT
30089,sanders,MT
30091,sheridan,MT
30093,silver bow,MT
30095,stillwater,MT
30097,sweet grass,MT
30099,teton,MT
30101,toole,MT
30103,treasure,MT
30105,valley,MT
30107,wheatland,MT
30109,wibaux,MT
30111,yellowstone,MT
30113,yellowstone nat park,MT
31001,adams,NE
31003,antelope,NE
31005,arthur,NE
31007,banner,NE
31009,blaine,NE
31011,boone,NE
31013,box butte,NE
31015,boyd,NE
31017,brown,NE
31019,buffalo,NE
31021,burt,NE
31023,butler,NE
31025,cass,NE
31027,cedar,NE
31029,chase,NE
31031,cherry,NE
31033,cheyenne,NE
31035,clay,NE
31037,colfax,NE
31039,cuming,NE
31041,custer,NE
31043,dakota,NE
31045,dawes,NE
31047,dawson,NE
31049,deuel,NE
31051,dixon,NE
31053,dodge,NE
31055,douglas,NE
31057,dundy,NE
31059,fillmore,NE
31061,franklin,NE
31063,frontier,NE
31065,furnas,NE
31067,gage,NE
31069,garden,NE
31071,garfield,NE
31073,gosper,NE
31075,grant,NE
31077,greeley,NE
31079,hall,NE
31081,hamilton,NE
31083,harlan,NE
31085,hayes,NE
31087,hitchcock,NE
31089,holt,NE
31091,hooker,NE
31093,howard,NE
31095,jefferson,NE
31097,johnson,NE
31099,kearney,NE
31101,keith,NE
31103,keya paha,NE
31105,kimball,NE
31107,knox,NE
31109,lancaster,NE
31111,lincoln,NE
31113,logan,NE
31115,loup,NE
31117,mcpherson,NE
31119,madison,NE
31121,merrick,NE
31123,morrill,NE
31125,nance,NE
31127,nemaha,NE
31129,nuckolls,NE
31131,otoe,NE
31133,pawnee,NE
31135,perkins,NE
31137,phelps,NE
31139,pierce,NE
31141,platte,NE
31143,polk,NE
31145,red willow,NE
31147,richardson,NE
31149,rock,NE
31151,saline,NE
31153,sarpy,NE
31155,saunders,NE
31157,scotts bluff,NE
31159,seward,NE
31161,sheridan,NE
31163,sherman,NE
31165,sioux,NE
31167,stanton,NE
31169,thayer,NE
31171,thomas,NE
31173,thurston,NE
31175,valley,NE
31177,washington,NE
31179,wayne,NE
31181,webster,NE
31183,wheeler,NE
31185,york,NE
32001,churchill,NV
32003,clark,NV
32005,douglas,NV
32007,elko,NV
32009,esmeralda,NV
32011,eureka,NV
32013,humboldt,NV
32015,lander,NV
32017,lincoln,NV
32019,lyon,NV
32021,mineral,NV
32023,nye,NV
32027,pershing,NV
32029,storey,NV
32031,washoe,NV
32033,white pine,NV
32510,carson city,NV
33001,belknap,NH
33003,carroll,NH
33005,cheshire,NH
33007,coos,NH
33009,grafton,NH
33011,hillsborough,NH
33013,merrimack,NH
33015,rockingham,NH
33017,strafford,NH
33019,sullivan,NH
34001,atlantic,NJ
34003,bergen,NJ
34005,burlington,NJ
34007,camden,NJ
34009,cape may,NJ
34011,cumberland,NJ
34013,essex,NJ
34015,gloucester,NJ
34017,hudson,NJ
34019,hunterdon,NJ
34021,mercer,NJ
34023,middlesex,NJ
34025,monmouth,NJ
34027,morris,NJ
34029,ocean,NJ
34031,passaic,NJ
34033,salem,NJ
34035,somerset,NJ
34037,sussex,NJ
34039,union,NJ
34041,warren,NJ
35001,bernalillo,NM
35003,catron,NM
35005,chaves,NM
35006,cibola,NM
35007,colfax,NM
35009,curry,NM
35011,de baca,NM
35013,dona ana,NM
35015,eddy,NM
35017,grant,NM
35019,guadalupe,NM
35021,harding,NM
35023,hidalgo,NM
35025,lea,NM
35027,lincoln,NM
35028,los alamos,NM
35029,luna,NM
35031,mckinley,NM
35033,mora,NM
35035,otero,NM
35037,quay,NM
35039,rio arriba,NM
35041,roosevelt,NM
35043,sandoval,NM
35045,san juan,NM
35047,san miguel,NM
35049,santa fe,NM
35051,sierra,NM
35053,socorro,NM
35055,taos,NM
35057,torrance,NM
35059,union,NM
35061,valencia,NM
36001,albany,NY
36003,allegany,NY
36005,bronx,NY
36007,broome,NY
36009,cattaraugus,NY
36011,cayuga,NY
36013,chautauqua,NY
36015,chemung,NY
36017,chenango,NY
36019,clinton,NY
36021,columbia,NY
36023,cortland,NY
36025,delaware,NY
36027,dutchess,NY
36029,erie,NY
36031,essex,NY
36033,franklin,NY
36035,fulton,NY
36037,genesee,NY
36039,greene,NY
36041,hamilton,NY
36043,herkimer,NY
36045,jefferson,NY
36047,kings,NY
36049,lewis,NY
36051,livingston,NY
36053,madison,NY
36055,monroe,NY
36057,montgomery,NY
36059,nassau,NY
36061,new york,NY
36063,niagara,NY
36065,oneida,NY
36067,onondaga,NY
36069,ontario,NY
36071,orange,NY
36073,orleans,NY
36075,oswego,NY
36077,otsego,NY
36079,putnam,NY
36081,queens,NY
36083,rensselaer,NY
36085,richmond,NY
36087,rockland,NY
36089,st lawrence,NY
36091,saratoga,NY
36093,schenectady,NY
36095,schoharie,NY
36097,schuyler,NY
36099,seneca,NY
36101,steuben,NY
36103,suffolk,NY
36105,sullivan,NY
36107,tioga,NY
36109,tompkins,NY
36111,ulster,NY
36113,warren,NY
36115,washington,NY
36117,wayne,NY
36119,westchester,NY
36121,wyoming,NY
36123,yates,NY
37001,alamance,NC
37003,alexander,NC
37005,alleghany,NC
37007,anson,NC
37009,ashe,NC
37011,avery,NC
37013,beaufort,NC
37015,bertie,NC
37017,bladen,NC
37019,brunswick,NC
37021,buncombe,NC
37023,burke,NC
37025,cabarrus,NC
37027,caldwell,NC
37029,camden,NC
37031,carteret,NC
37033,caswell,NC
37035,catawba,NC
37037,chatham,NC
37039,cherokee,NC
37041,chowan,NC
37043,clay,NC
37045,cleveland,NC
37047,columbus,NC
37049,craven,NC
37051,cumberland,NC
37053,currituck,NC
37055,dare,NC
37057,davidson,NC
37059,davie,NC
37061,duplin,NC
37063,durham,NC
37065,edgecombe,NC
37067,forsyth,NC
37069,franklin,NC
37071,gaston,NC
37073,gates,NC
37075,graham,NC
37077,granville,NC
37079,greene,NC
37081,guilford,NC
37083,halifax,NC
37085,harnett,NC
37087,haywood,NC
37089,henderson,NC
37091,hertford,NC
37093,hoke,NC
37095,hyde,NC
37097,iredell,NC
37099,jackson,NC
37101,johnston,NC
37103,jones,NC
37105,lee,NC
37107,lenoir,NC
37109,lincoln,NC
37111,mcdowell,NC
37113,macon,NC
37115,madison,NC
37117,martin,NC
37119,mecklenburg,NC
37121,mitchell,NC
37123,montgomery,NC
37125,moore,NC
37127,nash,NC
37129,new hanover,NC
37131,northampton,NC
37133,onslow,NC
37135,orange,NC
37137,pamlico,NC
37139,pasquotank,NC
37141,pender,NC
37143,perquimans,NC
37145,person,NC
37147,pitt,NC
37149,polk,NC
37151,randolph,NC
37153,richmond,NC
37155,robeson,NC
37157,rockingham,NC
37159,rowan,NC
37161,rutherford,NC
37163,sampson,NC
37165,scotland,NC
37167,stanly,NC
37169,stokes,NC
37171,surry,NC
37173,swain,NC
37175,transylvania,NC
37177,tyrrell,NC
37179,union,NC
37181,vance,NC
37183,wake,NC
37185,warren,NC
37187,washington,NC
37189,watauga,NC
37191,wayne,NC
37193,wilkes,NC
37195,wilson,NC
37197,yadkin,NC
37199,yancey,NC
38001,adams,ND
38003,barnes,ND
38005,benson,ND
38007,billings,ND
38009,bottineau,ND
38011,bowman,ND
38013,burke,ND
38015,burleigh,ND
38017,cass,ND
38019,cavalier,ND
38021,dickey,ND
38023,divide,ND
38025,dunn,ND
38027,eddy,ND
38029,emmons,ND
38031,foster,ND
38033,golden valley,ND
38035,grand forks,ND
38037,grant,ND
38039,griggs,ND
38041,hettinger,ND
38043,kidder,ND
38045,la moure,ND
38047,logan,ND
38049,mchenry,ND
38051,mcintosh,ND
38053,mckenzie,ND
38055,mclean,ND
38057,mercer,ND
38059,morton,ND
38061,mountrail,ND
38063,nelson,ND
38065,oliver,ND
38067,pembina,ND
38069,pierce,ND
38071,ramsey,ND
38073,ransom,ND
38075,renville,ND
38077,richland,ND
38079,rolette,ND
38081,sargent,ND
38083,sheridan,ND
38085,sioux,ND
38087,slope,ND
38089,stark,ND
38091,steele,ND
38093,stutsman,ND
38095,towner,ND
38097,traill,ND
38099,walsh,ND
38101,ward,ND
38103,wells,ND
38105,williams,ND
39001,adams,OH
39003,allen,OH
39005,ashland,OH
39007,ashtabula,OH
39009,athens,OH
39011,auglaize,OH
39013,belmont,OH
39015,brown,OH
39017,butler,OH
39019,carroll,OH
39021,champaign,OH
39023,clark,OH
39025,clermont,OH
39027,clinton,OH
39029,columbiana,OH
39031,coshocton,OH
39033,crawford,OH
39035,cuyahoga,OH
39037,darke,OH
39039,defiance,OH
39041,delaware,OH
39043,erie,OH
39045,fairfield,OH
39047,fayette,OH
39049,franklin,OH
39051,fulton,OH
39053,gallia,OH
39055,geauga,OH
39057,greene,OH
39059,guernsey,OH
39061,hamilton,OH
39063,hancock,OH
39065,hardin,OH
39067,harrison,OH
39069,henry,OH
39071,highland,OH
39073,hocking,OH
39075,holmes,OH
39077,huron,OH
39079,jackson,OH
39081,jefferson,OH
39083,knox,OH
39085,lake,OH
39087,lawrence,OH
39089,licking,OH
39091,logan,OH
39093,lorain,OH
39095,lucas,OH
39097,madison,OH
39099,mahoning,OH
39101,marion,OH
39103,medina,OH
39105,meigs,OH
39107,mercer,OH
39109,miami,OH
39111,monroe,OH
39113,montgomery,OH
39115,morgan,OH
39117,morrow,OH
39119,muskingum,OH
39121,noble,OH
39123,ottawa,OH
39125,paulding,OH
39127,perry,OH
39129,pickaway,OH
39131,pike,OH
39133,portage,OH
39135,preble,OH
39137,putnam,OH
39139,richland,OH
39141,ross,OH
39143,sandusky,OH
39145,scioto,OH
39147,seneca,OH
39149,shelby,OH
39151,stark,OH
39153,summit,OH
39155,trumbull,OH
39157,tuscarawas,OH
39159,union,OH
39161,van wert,OH
39163,vinton,OH
39165,warren,OH
39167,washington,OH
39169,wayne,OH
39171,williams,OH
39173,wood,OH
39175,wyandot,OH
40001,adair,OK
40003,alfalfa,OK
40005,atoka,OK
40007,beaver,OK
40009,beckham,OK
40011,blaine,OK
40013,bryan,OK
40015,caddo,OK
40017,canadian,OK
40019,carter,OK
40021,cherokee,OK
40023,choctaw,OK
40025,cimarron,OK
40027,cleveland,OK
40029,coal,OK
40031,comanche,OK
40033,cotton,OK
40035,craig,OK
40037,creek,OK
40039,custer,OK
40041,delaware,OK
40043,dewey,OK
40045,ellis,OK
40047,garfield,OK
40049,garvin,OK
40051,grady,OK
40053,grant,OK
40055,greer,OK
40057,harmon,OK
40059,harper,OK
40061,haskell,OK
40063,hughes,OK
40065,jackson,OK
40067,jefferson,OK
40069,johnston,OK
40071,kay,OK
40073,kingfisher,OK
40075,kiowa,OK
40077,latimer,OK
40079,le flore,OK
40081,lincoln,OK
40083,logan,OK
40085,love,OK
40087,mcclain,OK
40089,mccurtain,OK
40091,mcintosh,OK
40093,major,OK
40095,marshall,OK
40097,mayes,OK
40099,murray,OK
40101,muskogee,OK
40103,noble,OK
40105,nowata,OK
40107,okfuskee,OK
40109,oklahoma,OK
40111,okmulgee,OK
40113,osage,OK
40115,ottawa,OK
40117,pawnee,OK
40119,payne,OK
40121,pittsburg,OK
40123,pontotoc,OK
40125,pottawatomie,OK
40127,pushmataha,OK
40129,roger mills,OK
40131,rogers,OK
40133,seminole,OK
40135,sequoyah,OK
40137,stephens,OK
40139,texas,OK
40141,tillman,OK
40143,tulsa,OK
40145,wagoner,OK
40147,washington,OK
40149,washita,OK
40151,woods,OK
40153,woodward,OK
41001,baker,OR
41003,benton,OR
41005,clackamas,OR
41007,clatsop,OR
41009,columbia,OR
41011,coos,OR
41013,crook,OR
41015,curry,OR
41017,deschutes,OR
41019,douglas,OR
41021,gilliam,OR
41023,grant,OR
41025,harney,OR
41027,hood river,OR
41029,jackson,OR
41031,jefferson,OR
41033,josephine,OR
41035,klamath,OR
41037,lake,OR
41039,lane,OR
41041,lincoln,OR
41043,linn,OR
41045,malheur,OR
41047,marion,OR
41049,morrow,OR
41051,multnomah,OR
41053,polk,OR
41055,sherman,OR
41057,tillamook,OR
41059,umatilla,OR
41061,union,OR
41063,wallowa,OR
41065,wasco,OR
41067,washington,OR
41069,wheeler,OR
41071,yamhill,OR
42001,adams,PA
42003,allegheny,PA
42005,armstrong,PA
42007,beaver,PA
42009,bedford,PA
42011,berks,PA
42013,blair,PA
42015,bradford,PA
42017,bucks,PA
42019,butler,PA
42021,cambria,PA
42023,cameron,PA
42025,carbon,PA
42027,centre,PA
42029,chester,PA
42031,clarion,PA
42033,clearfield,PA
42035,clinton,PA
42037,columbia,PA
42039,crawford,PA
42041,cumberland,PA
42043,dauphin,PA
42045,delaware,PA
42047,elk,PA
42049,erie,PA
42051,fayette,PA
42053,forest,PA
42055,franklin,PA
42057,fulton,PA
42059,greene,PA
42061,huntingdon,PA
42063,indiana,PA
42065,jefferson,PA
42067,juniata,PA
42069,lackawanna,PA
42071,lancaster,PA
42073,lawrence,PA
42075,lebanon,PA
42077,lehigh,PA
42079,luzerne,PA
42081,lycoming,PA
42083,mckean,PA
42085,mercer,PA
42087,mifflin,PA
42089,monroe,PA
42091,montgomery,PA
42093,montour,PA
42095,northampton,PA
42097,northumberland,PA
42099,perry,PA
42101,philadelphia,PA
42103,pike,PA
42105,potter,PA
42107,schuylkill,PA
42109,snyder,PA
42111,somerset,PA
42113,sullivan,PA
42115,susquehanna,PA
42117,tioga,PA
42119,union,PA
42121,venango,PA
42123,warren,PA
42125,washington,PA
42127,wayne,PA
42129,westmoreland,PA
42131,wyoming,PA
42133,york,PA
44001,bristol,RI
44003,kent,RI
44005,newport,RI
44007,providence,RI
44009,washington,RI
45001,abbeville,SC
45003,aiken,SC
45005,allendale,SC
45007,anderson,SC
45009,bamberg,SC
45011,barnwell,SC
45013,beaufort,SC
45015,berkeley,SC
45017,calhoun,SC
45019,charleston,SC
45021,cherokee,SC
45023,chester,SC
45025,chesterfield,SC
45027,clarendon,SC
45029,colleton,SC
45031,darlington,SC
45033,dillon,SC
45035,dorchester,SC
45037,edgefield,SC
45039,fairfield,SC
45041,florence,SC
45043,georgetown,SC
45045,greenville,SC
45047,greenwood,SC
45049,hampton,SC
45051,horry,SC
45053,jasper,SC
45055,kershaw,SC
45057,lancaster,SC
45059,laurens,SC
45061,lee,SC
45063,lexington,SC
45065,mccormick,SC
45067,marion,SC
45069,marlboro,SC
45071,newberry,SC
45073,oconee,SC
45075,orangeburg,SC
45077,pickens,SC
45079,richland,SC
45081,saluda,SC
45083,spartanburg,SC
45085,sumter,SC
45087,union,SC
45089,williamsburg,SC
45091,york,SC
46003,aurora,SD
46005,beadle,SD
46007,bennett,SD
46009,bon homme,SD
46011,brookings,SD
46013,brown,SD
46015,brule,SD
46017,buffalo,SD
46019,butte,SD
46021,campbell,SD
46023,charles mix,SD
46025,clark,SD
46027,clay,SD
46029,codington,SD
46031,corson,SD
46033,custer,SD
46035,davison,SD
46037,day,SD
46039,deuel,SD
46041,dewey,SD
46043,douglas,SD
46045,edmunds,SD
46047,fall river,SD
46049,faulk,SD
46051,grant,SD
46053,gregory,SD
46055,haakon,SD
46057,hamlin,SD
46059,hand,SD
46061,hanson,SD
46063,harding,SD
46065,hughes,SD
46067,hutchinson,SD
46069,hyde,SD
46071,jackson,SD
46073,jerauld,SD
46075,jones,SD
46077,kingsbury,SD
46079,lake,SD
46081,lawrence,SD
46083,lincoln,SD
46085,lyman,SD
46087,mccook,SD
46089,mcpherson,SD
46091,marshall,SD
46093,meade,SD
46095,mellette,SD
46097,miner,SD
46099,minnehaha,SD
46101,moody,SD
46103,pennington,SD
46105,perkins,SD
46107,potter,SD
46109,roberts,SD
46111,sanborn,SD
46113,shannon,SD
46115,spink,SD
46117,stanley,SD
46119,sully,SD
46121,todd,SD
46123,tripp,SD
46125,turner,SD
46127,union,SD
46129,walworth,SD
46135,yankton,SD
46137,ziebach,SD
47001,anderson,TN
47003,bedford,TN
47005,benton,TN
47007,bledsoe,TN
47009,blount,TN
47011,bradley,TN
47013,campbell,TN
47015,cannon,TN
47017,carroll,TN
47019,carter,TN
47021,cheatham,TN
47023,chester,TN
47025,claiborne,TN
47027,clay,TN
47029,cocke,TN
47031,coffee,TN
47033,crockett,TN
47035,cumberland,TN
47037,davidson,TN
47039,decatur,TN
47041,de kalb,TN
47043,dickson,TN
47045,dyer,TN
47047,fayette,TN
47049,fentress,TN
47051,franklin,TN
47053,gibson,TN
47055,giles,TN
47057,grainger,TN
47059,greene,TN
47061,grundy,TN
47063,hamblen,TN
47065,hamilton,TN
47067,hancock,TN
47069,hardeman,TN
47071,hardin,TN
47073,hawkins,TN
47075,haywood,TN
47077,henderson,TN
47079,henry,TN
47081,hickman,TN
47083,houston,TN
47085,humphreys,TN
47087,jackson,TN
47089,jefferson,TN
47091,johnson,TN
47093,knox,TN
47095,lake,TN
47097,lauderdale,TN
47099,lawrence,TN
47101,lewis,TN
47103,lincoln,TN
47105,loudon,TN
47107,mcminn,TN
47109,mcnairy,TN
47111,macon,TN
47113,madison,TN
47115,marion,TN
47117,marshall,TN
47119,maury,TN
47121,meigs,TN
47123,monroe,TN
47125,montgomery,TN
47127,moore,TN
47129,morgan,TN
47131,obion,TN
47133,overton,TN
47135,perry,TN
47137,pickett,TN
47139,polk,TN
47141,putnam,TN
47143,rhea,TN
47145,roane,TN
47147,robertson,TN
47149,rutherford,TN
47151,scott,TN
47153,sequatchie,TN
47155,sevier,TN
47157,shelby,TN
47159,smith,TN
47161,stewart,TN
47163,sullivan,TN
47165,sumner,TN
47167,tipton,TN
47169,trousdale,TN
47171,unicoi,TN
47173,union,TN
47175,van buren,TN
47177,warren,TN
47179,washington,TN
47181,wayne,TN
47183,weakley,TN
47185,white,TN
47187,williamson,TN
47189,wilson,TN
48001,anderson,TX
48003,andrews,TX
48005,angelina,TX
48007,aransas,TX
48009,archer,TX
48011,armstrong,TX
48013,atascosa,TX
48015,austin,TX
48017,bailey,TX
48019,bandera,TX
48021,bastrop,TX
48023,baylor,TX
48025,bee,TX
48027,bell,TX
48029,bexar,TX
48031,blanco,TX
48033,borden,TX
48035,bosque,TX
48037,bowie,TX
48039,brazoria,TX
48041,brazos,TX
48043,brewster,TX
48045,briscoe,TX
48047,brooks,TX
48049,brown,TX
48051,burleson,TX
48053,burnet,TX
48055,caldwell,TX
48057,calhoun,TX
48059,callahan,TX
48061,cameron,TX
48063,camp,TX
48065,carson,TX
48067,cass,TX
48069,castro,TX
48071,chambers,TX
48073,cherokee,TX
48075,childress,TX
48077,clay,TX
48079,cochran,TX
48081,coke,TX
48083,coleman,TX
48085,collin,TX
48087,collingsworth,TX
48089,colorado,TX
48091,comal,TX
48093,comanche,TX
48095,concho,TX
48097,cooke,TX
48099,coryell,TX
48101,cottle,TX
48103,crane,TX
48105,crockett,TX
48107,crosby,TX
48109,culberson,TX
48111,dallam,TX
48113,dallas,TX
48115,dawson,TX
48117,deaf smith,TX
48119,delta,TX
48121,denton,TX
48123,de witt,TX
48125,dickens,TX
48127,dimmit,TX
48129,donley,TX
48131,duval,TX
48133,eastland,TX
48135,ector,TX
48137,edwards,TX
48139,ellis,TX
48141,el paso,TX
48143,erath,TX
48145,falls,TX
48147,fannin,TX
48149,fayette,TX
48151,fisher,TX
48153,floyd,TX
48155,foard,TX
48157,fort bend,TX
48159,franklin,TX
48161,freestone,TX
48163,frio,TX
48165,gaines,TX
48167,galveston,TX
48169,garza,TX
48171,gillespie,TX
48173,glasscock,TX
48175,goliad,TX
48177,gonzales,TX
48179,gray,TX
48181,grayson,TX
48183,gregg,TX
48185,grimes,TX
48187,guadalupe,TX
48189,hale,TX
48191,hall,TX
48193,hamilton,TX
48195,hansford,TX
48197,hardeman,TX
48199,hardin,TX
48201,harris,TX
48203,harrison,TX
48205,hartley,TX
48207,haskell,TX
48209,hays,TX
48211,hemphill,TX
48213,henderson,TX
48215,hidalgo,TX
48217,hill,TX
48219,hockley,TX
48221,hood,TX
48223,hopkins,TX
48225,houston,TX
48227,howard,TX
48229,hudspeth,TX
48231,hunt,TX
48233,hutchinson,TX
48235,irion,TX
48237,jack,TX
48239,jackson,TX
48241,jasper,TX
48243,jeff davis,TX
48245,jefferson,TX
48247,jim hogg,TX
48249,jim wells,TX
48251,johnson,TX
48253,jones,TX
48255,karnes,TX
48257,kaufman,TX
48259,kendall,TX
48261,kenedy,TX
48263,kent,TX
48265,kerr,TX
48267,kimble,TX
48269,king,TX
48271,kinney,TX
48273,kleberg,TX
48275,knox,TX
48277,lamar,TX
48279,lamb,TX
48281,lampasas,TX
48283,la salle,TX
48285,lavaca,TX
48287,lee,TX
48289,leon,TX
48291,liberty,TX
48293,limestone,TX
48295,lipscomb,TX
48297,live oak,TX
48299,llano,TX
48301,loving,TX
48303,lubbock,TX
48305,lynn,TX
48307,mcculloch,TX
48309,mclennan,TX
48311,mcmullen,TX
48313,madison,TX
48315,marion,TX
48317,martin,TX
48319,mason,TX
48321,matagorda,TX
48323,maverick,TX
48325,medina,TX
48327,menard,TX
48329,midland,TX
48331,milam,TX
48333,mills,TX
48335,mitchell,TX
48337,montague,TX
48339,montgomery,TX
48341,moore,TX
48343,morris,TX
48345,motley,TX
48347,nacogdoches,TX
48349,navarro,TX
48351,newton,TX
48353,nolan,TX
48355,nueces,TX
48357,ochiltree,TX
48359,oldham,TX
48361,orange,TX
48363,palo pinto,TX
48365,panola,TX
48367,parker,TX
48369,parmer,TX
48371,pecos,TX
48373,polk,TX
48375,potter,TX
48377,presidio,TX
48379,rains,TX
48381,randall,TX
48383,reagan,TX
48385,real,TX
48387,red river,TX
48389,reeves,TX
48391,refugio,TX
48393,roberts,TX
48395,robertson,TX
48397,rockwall,TX
48399,runnels,TX
48401,rusk,TX
48403,sabine,TX
48405,san augustine,TX
48407,san jacinto,TX
48409,san patricio,TX
48411,san saba,TX
48413,schleicher,TX
48415,scurry,TX
48417,shackelford,TX
48419,shelby,TX
48421,sherman,TX
48423,smith,TX
48425,somervell,TX
48427,starr,TX
48429,stephens,TX
48431,sterling,TX
48433,stonewall,TX
48435,sutton,TX
48437,swisher,TX
48439,tarrant,TX
48441,taylor,TX
48443,terrell,TX
48445,terry,TX
48447,throckmorton,TX
48449,titus,TX
48451,tom green,TX
48453,travis,TX
48455,trinity,TX
48457,tyler,TX
48459,upshur,TX
48461,upton,TX
48463,uvalde,TX
48465,val verde,TX
48467,van zandt,TX
48469,victoria,TX
48471,walker,TX
48473,waller,TX
48475,ward,TX
48477,washington,TX
48479,webb,TX
48481,wharton,TX
48483,wheeler,TX
48485,wichita,TX
48487,wilbarger,TX
48489,willacy,TX
48491,williamson,TX
48493,wilson,TX
48495,winkler,TX
48497,wise,TX
48499,wood,TX
48501,yoakum,TX
48503,young,TX
48505,zapata,TX
48507,zavala,TX
49001,beaver,UT
49003,box elder,UT
49005,cache,UT
49007,carbon,UT
49009,daggett,UT
49011,davis,UT
49013,duchesne,UT
49015,emery,UT
49017,garfield,UT
49019,grand,UT
49021,iron,UT
49023,juab,UT
49025,kane,UT
49027,millard,UT
49029,morgan,UT
49031,piute,UT
49033,rich,UT
49035,salt lake,UT
49037,san juan,UT
49039,sanpete,UT
49041,sevier,UT
49043,summit,UT
49045,tooele,UT
49047,uintah,UT
49049,utah,UT
49051,wasatch,UT
49053,washington,UT
49055,wayne,UT
49057,weber,UT
50001,addison,VT
50003,bennington,VT
50005,caledonia,VT
50007,chittenden,VT
50009,essex,VT
50011,franklin,VT
50013,grand isle,VT
50015,lamoille,VT
50017,orange,VT
50019,orleans,VT
50021,rutland,VT
50023,washington,VT
50025,windham,VT
50027,windsor,VT
51001,accomack,VA
51003,albemarle,VA
51005,alleghany,VA
51007,amelia,VA
51009,amherst,VA
51011,appomattox,VA
51013,arlington,VA
51015,augusta,VA
51017,bath,VA
51019,bedford,VA
51021,bland,VA
51023,botetourt,VA
51025,brunswick,VA
51027,buchanan,VA
51029,buckingham,VA
51031,campbell,VA
51033,caroline,VA
51035,carroll,VA
51036,charles city,VA
51037,charlotte,VA
51041,chesterfield,VA
51043,clarke,VA
51045,craig,VA
51047,culpeper,VA
51049,cumberland,VA
51051,dickenson,VA
51053,dinwiddie,VA
51057,essex,VA
51059,fairfax,VA
51061,fauquier,VA
51063,floyd,VA
51065,fluvanna,VA
51067,franklin,VA
51069,frederick,VA
51071,giles,VA
51073,gloucester,VA
51075,goochland,VA
51077,grayson,VA
51079,greene,VA
51081,greensville,VA
51083,halifax,VA
51085,hanover,VA
51087,henrico,VA
51089,henry,VA
51091,highland,VA
51093,isle of wight,VA
51095,james city,VA
51097,king and queen,VA
51099,king george,VA
51101,king william,VA
51103,lancaster,VA
51105,lee,VA
51107,loudoun,VA
51109,louisa,VA
51111,lunenburg,VA
51113,madison,VA
51115,mathews,VA
51117,mecklenburg,VA
51119,middlesex,VA
51121,montgomery,VA
51125,nelson,VA
51127,new kent,VA
51131,northampton,VA
51133,northumberland,VA
51135,nottoway,VA
51137,orange,VA
51139,page,VA
51141,patrick,VA
51143,pittsylvania,VA
51145,powhatan,VA
51147,prince edward,VA
51149,prince george,VA
51153,prince william,VA
51155,pulaski,VA
51157,rappahannock,VA
51159,richmond,VA
51161,roanoke,VA
51163,rockbridge,VA
51165,rockingham,VA
51167,russell,VA
51169,scott,VA
51171,shenandoah,VA
51173,smyth,VA
51175,southampton,VA
51177,spotsylvania,VA
51179,stafford,VA
51181,surry,VA
51183,sussex,VA
51185,tazewell,VA
51187,warren,VA
51191,washington,VA
51193,westmoreland,VA
51195,wise,VA
51197,wythe,VA
51199,york,VA
51510,alexandria city,VA
51515,bedford city,VA
51520,bristol city,VA
51530,buena vista city,VA
51540,charlottesville city,VA
51550,chesapeake city,VA
51560,clifton forge city,VA
51570,colonial heights cit,VA
51580,covington city,VA
51590,danville city,VA
51595,emporia city,VA
51600,fairfax city,VA
51610,falls church city,VA
51620,franklin city,VA
51630,fredericksburg city,VA
51640,galax city,VA
51650,hampton city,VA
51660,harrisonburg city,VA
51670,hopewell city,VA
51678,lexington city,VA
51680,lynchburg city,VA
51683,manassas city,VA
51685,manassas park city,VA
51690,martinsville city,VA
51700,newport news city,VA
51710,norfolk city,VA
51720,norton city,VA
51730,petersburg city,VA
51735,poquoson city,VA
51740,portsmouth city,VA
51750,radford city,VA
51760,richmond city,VA
51770,roanoke city,VA
51775,salem city,VA
51780,south boston city,VA
51790,staunton city,VA
51800,suffolk city,VA
51810,virginia beach city,VA
51820,waynesboro city,VA
51830,williamsburg city,VA
51840,winchester city,VA
53001,adams,WA
53003,asotin,WA
53005,benton,WA
53007,chelan,WA
53009,clallam,WA
53011,clark,WA
53013,columbia,WA
53015,cowlitz,WA
53017,douglas,WA
53019,ferry,WA
53021,franklin,WA
53023,garfield,WA
53025,grant,WA
53027,grays harbor,WA
53029,island,WA
53031,jefferson,WA
53033,king,WA
53035,kitsap,WA
53037,kittitas,WA
53039,klickitat,WA
53041,lewis,WA
53043,lincoln,WA
53045,mason,WA
53047,okanogan,WA
53049,pacific,WA
53051,pend oreille,WA
53053,pierce,WA
53055,san juan,WA
53057,skagit,WA
53059,skamania,WA
53061,snohomish,WA
53063,spokane,WA
53065,stevens,WA
53067,thurston,WA
53069,wahkiakum,WA
53071,walla walla,WA
53073,whatcom,WA
53075,whitman,WA
53077,yakima,WA
54001,barbour,WV
54003,berkeley,WV
54005,boone,WV
54007,braxton,WV
54009,brooke,WV
54011,cabell,WV
54013,calhoun,WV
54015,clay,WV
54017,doddridge,WV
54019,fayette,WV
54021,gilmer,WV
54023,grant,WV
54025,greenbrier,WV
54027,hampshire,WV
54029,hancock,WV
54031,hardy,WV
54033,harrison,WV
54035,jackson,WV
54037,jefferson,WV
54039,kanawha,WV
54041,lewis,WV
54043,lincoln,WV
54045,logan,WV
54047,mcdowell,WV
54049,marion,WV
54051,marshall,WV
54053,mason,WV
54055,mercer,WV
54057,mineral,WV
54059,mingo,WV
54061,monongalia,WV
54063,monroe,WV
54065,morgan,WV
54067,nicholas,WV
54069,ohio,WV
54071,pendleton,WV
54073,pleasants,WV
54075,pocahontas,WV
54077,preston,WV
54079,putnam,WV
54081,raleigh,WV
54083,randolph,WV
54085,ritchie,WV
54087,roane,WV
54089,summers,WV
54091,taylor,WV
54093,tucker,WV
54095,tyler,WV
54097,upshur,WV
54099,wayne,WV
54101,webster,WV
54103,wetzel,WV
54105,wirt,WV
54107,wood,WV
54109,wyoming,WV
55001,adams,WI
55003,ashland,WI
55005,barron,WI
55007,bayfield,WI
55009,brown,WI
55011,buffalo,WI
55013,burnett,WI
55015,calumet,WI
55017,chippewa,WI
55019,clark,WI
55021,columbia,WI
55023,crawford,WI
55025,dane,WI
55027,dodge,WI
55029,door,WI
55031,douglas,WI
55033,dunn,WI
55035,eau claire,WI
55037,florence,WI
55039,fond du lac,WI
55041,forest,WI
55043,grant,WI
55045,green,WI
55047,green lake,WI
55049,iowa,WI
55051,iron,WI
55053,jackson,WI
55055,jefferson,WI
55057,juneau,WI
55059,kenosha,WI
55061,kewaunee,WI
55063,la crosse,WI
55065,lafayette,WI
55067,langlade,WI
55069,lincoln,WI
55071,manitowoc,WI
55073,marathon,WI
55075,marinette,WI
55077,marquette,WI
55078,menominee,WI
55079,milwaukee,WI
55081,monroe,WI
55083,oconto,WI
55085,oneida,WI
55087,outagamie,WI
55089,ozaukee,WI
55091,pepin,WI
55093,pierce,WI
55095,polk,WI
55097,portage,WI
55099,price,WI
55101,racine,WI
55103,richland,WI
55105,rock,WI
55107,rusk,WI
55109,st croix,WI
55111,sauk,WI
55113,sawyer,WI
55115,shawano,WI
55117,sheboygan,WI
55119,taylor,WI
55121,trempealeau,WI
55123,vernon,WI
55125,vilas,WI
55127,walworth,WI
55129,washburn,WI
55131,washington,WI
55133,waukesha,WI
55135,waupaca,WI
55137,waushara,WI
55139,winnebago,WI
55141,wood,WI
56001,albany,WY
56003,big horn,WY
56005,campbell,WY
56007,carbon,WY
56009,converse,WY
56011,crook,WY
56013,fremont,WY
56015,goshen,WY
56017,hot springs,WY
56019,johnson,WY
56021,laramie,WY
56023,lincoln,WY
56025,natrona,WY
56027,niobrara,WY
56029,park,WY
56031,platte,WY
56033,sheridan,WY
56035,sublette,WY
56037,sweetwater,WY
56039,teton,WY
56041,uinta,WY
56043,washakie,WY
56045,weston,WY
60010,unknown,AS
60020,manua,AS
60020,ofu,AS
60020,olosega,AS
60050,tutuila,AS
66010,cocos island,MP
66010,guam,GU
69100,rota,MP
69110,saipan,MP
69120,aguijan,MP
69120,tinian,MP
72001,adjuntas,PR
72003,aguada,PR
72005,aguadilla,PR
72007,aguas buenas,PR
72009,aibonito,PR
72011,anasco,PR
72013,arecibo,PR
72015,arroyo,PR
72017,barceloneta,PR
72019,barranquitas,PR
72021,bayamon,PR
72023,cabo rojo,PR
72025,caguas,PR
72027,camuy,PR
72029,canovanas,PR
72031,carolina,PR
72033,catano,PR
72035,cayey,PR
72037,ceiba,PR
72041,cidra,PR
72043,coamo,PR
72045,comerio,PR
72047,corozal,PR
72049,culebra,PR
72051,dorado,PR
72053,fajardo,PR
72054,florida,PR
72055,guanica,PR
72057,guayama,PR
72059,guayanilla,PR
72061,guaynabo,PR
72063,gurabo,PR
72065,hatillo,PR
72067,hormigueros,PR
72071,isabela,PR
72073,jayuya,PR
72075,juana diaz,PR
72077,juncos,PR
72079,lajas,PR
72081,lares,PR
72083,las marias,PR
72085,las piedras,PR
72087,loiza,PR
72089,luquillo,PR
72091,manati,PR
72093,maricao,PR
72095,maunabo,PR
72097,mayaguez,PR
72099,moca,PR
72101,morovis,PR
72103,nabuabo,PR
72105,naranjito,PR
72107,orocovis,PR
72109,patillas,PR
72111,penuelas,PR
72113,ponce,PR
72115,quebradillas,PR
72117,rincon,PR
72119,rio grande,PR
72121,sabana grande,PR
72123,salinas,PR
72125,san german,PR
72127,san juan,PR
72129,san lorenzo,PR
72131,san sabastian,PR
72133,santa isabel,PR
72135,toa alta,PR
72137,toa baja,PR
72139,trujillo alto,PR
72141,utuado,PR
72143,vega alta,PR
72145,vega baja,PR
72147,vieques,PR
72149,villalba,PR
72151,yabucoa,PR
72153,yauco,PR
78010,st. croix,VI
78020,st. john,VI
78030,st. thomas,VI
